msg.timestamp,msg.id,msg.type,sensor.cmd,sensor.task,sensor.rank,sensor.pid,sensor.tid,sensor.value
1678116308.7503705,d7022e3b-b75a-419f-af43-ab30624aaeb4,pubProgress,134da1c9-bc33-11ed-8001-246e9662b3c6,ones-stream-full,0,734843,0,5
1678116308.851387,176908b1-9ccf-4d0b-99be-e349bbd4b254,pubProgress,134da1c9-bc33-11ed-8001-246e9662b3c6,ones-stream-full,0,734843,0,2
1678116308.9729614,bab44eda-efaf-4d9d-b4c3-56c34395d03a,pubProgress,134da1c9-bc33-11ed-8001-246e9662b3c6,ones-stream-full,0,734843,0,4
1678116309.0781753,0a500219-00c3-44e7-85ea-d0350e2e4f61,pubProgress,134da1c9-bc33-11ed-8001-246e9662b3c6,ones-stream-full,0,734843,0,3
1678116309.2799702,38b4fab5-920f-484d-9c81-50dc7fc92156,pubProgress,134da1c9-bc33-11ed-8001-246e9662b3c6,ones-stream-full,0,734843,0,4
1678116309.380039,771643b4-2fcd-4227-9566-76995c64a371,pubProgress,134da1c9-bc33-11ed-8001-246e9662b3c6,ones-stream-full,0,734843,0,1
1678116309.57441,0f0d2837-5db8-4359-99e7-1c8d80e68d1e,pubProgress,134da1c9-bc33-11ed-8001-246e9662b3c6,ones-stream-full,0,734843,0,2
1678116309.7736802,619d618a-5bae-498c-ac4e-db0280272809,pubProgress,134da1c9-bc33-11ed-8001-246e9662b3c6,ones-stream-full,0,734843,0,2
1678116309.9667318,4694405a-7a55-4bf8-9a56-3b5450cabd5e,pubProgress,134da1c9-bc33-11ed-8001-246e9662b3c6,ones-stream-full,0,734843,0,2
1678116310.142703,417d5ac8-5611-4f6c-a02d-988f07cef4a2,pubProgress,134da1c9-bc33-11ed-8001-246e9662b3c6,ones-stream-full,0,734843,0,1
1678116310.3236544,20d9b765-d128-4ae1-9d16-701902f539db,pubProgress,134da1c9-bc33-11ed-8001-246e9662b3c6,ones-stream-full,0,734843,0,2
1678116310.5047688,739d2e39-8f89-4795-8064-b166369d4df2,pubProgress,134da1c9-bc33-11ed-8001-246e9662b3c6,ones-stream-full,0,734843,0,2
1678116310.6183257,56ee3a36-1f89-411e-89b2-bf77e99240a1,pubProgress,134da1c9-bc33-11ed-8001-246e9662b3c6,ones-stream-full,0,734843,0,1
1678116310.8026989,dc9a45f6-e6c6-4a4b-856d-ca3dbc8359ab,pubProgress,134da1c9-bc33-11ed-8001-246e9662b3c6,ones-stream-full,0,734843,0,2
1678116310.9894202,79abd64f-938d-426e-a239-ff6bd84da3e9,pubProgress,134da1c9-bc33-11ed-8001-246e9662b3c6,ones-stream-full,0,734843,0,2
1678116311.1685088,31b1a610-8a24-4a1b-bee4-ec00d5719336,pubProgress,134da1c9-bc33-11ed-8001-246e9662b3c6,ones-stream-full,0,734843,0,1
1678116311.3631399,ee36c60f-b7a4-4df5-9fa6-303b141bb6f9,pubProgress,134da1c9-bc33-11ed-8001-246e9662b3c6,ones-stream-full,0,734843,0,2
1678116311.533631,02309858-3a5c-4f5a-99d9-446260a602e3,pubProgress,134da1c9-bc33-11ed-8001-246e9662b3c6,ones-stream-full,0,734843,0,2
1678116311.6385229,09477604-fbfc-4f41-bdc9-b7238ddf45af,pubProgress,134da1c9-bc33-11ed-8001-246e9662b3c6,ones-stream-full,0,734843,0,1
1678116311.8099945,a862b0c0-8a14-4be7-99df-49ab03ce4bf2,pubProgress,134da1c9-bc33-11ed-8001-246e9662b3c6,ones-stream-full,0,734843,0,2
1678116311.9862237,c156bea3-2d81-4818-a9b6-14cf845754f6,pubProgress,134da1c9-bc33-11ed-8001-246e9662b3c6,ones-stream-full,0,734843,0,2
1678116312.1716285,1f5fddec-5823-4d1c-87c7-c26489248a66,pubProgress,134da1c9-bc33-11ed-8001-246e9662b3c6,ones-stream-full,0,734843,0,2
1678116312.360653,b0e767ff-3cd8-4c75-8105-c13588afe829,pubProgress,134da1c9-bc33-11ed-8001-246e9662b3c6,ones-stream-full,0,734843,0,2
1678116312.5290313,46e7eca2-a95c-4398-9a79-bf6c427416fa,pubProgress,134da1c9-bc33-11ed-8001-246e9662b3c6,ones-stream-full,0,734843,0,2
1678116312.707368,e08ebd1b-302f-439e-bc9a-e02ffecf54ef,pubProgress,134da1c9-bc33-11ed-8001-246e9662b3c6,ones-stream-full,0,734843,0,2
1678116312.880245,d900f574-600c-4883-8a78-3b225f54dd3b,pubProgress,134da1c9-bc33-11ed-8001-246e9662b3c6,ones-stream-full,0,734843,0,2
1678116313.0579183,21e634aa-4924-4a02-9653-6e2778ef7f3b,pubProgress,134da1c9-bc33-11ed-8001-246e9662b3c6,ones-stream-full,0,734843,0,2
1678116313.2584417,329ffda8-5838-420c-80e2-901e5a851a31,pubProgress,134da1c9-bc33-11ed-8001-246e9662b3c6,ones-stream-full,0,734843,0,2
1678116313.427956,57bf3b74-d6b2-4766-9398-84b6c58b8e89,pubProgress,134da1c9-bc33-11ed-8001-246e9662b3c6,ones-stream-full,0,734843,0,2
1678116313.6038146,82ebd285-94be-4527-aa9c-d3cfed2b4e53,pubProgress,134da1c9-bc33-11ed-8001-246e9662b3c6,ones-stream-full,0,734843,0,2
1678116313.7975054,44b50ea6-07b5-489e-9ad4-1e3408957294,pubProgress,134da1c9-bc33-11ed-8001-246e9662b3c6,ones-stream-full,0,734843,0,2
1678116313.9161236,2f3b1e6b-5443-462b-be34-ddb870e4f1ac,pubProgress,134da1c9-bc33-11ed-8001-246e9662b3c6,ones-stream-full,0,734843,0,1
1678116314.1404405,d90455d6-250f-4b60-af32-b2afa0b82c29,pubProgress,134da1c9-bc33-11ed-8001-246e9662b3c6,ones-stream-full,0,734843,0,2
1678116314.323797,e651a41c-72a8-4272-b283-d411bb166361,pubProgress,134da1c9-bc33-11ed-8001-246e9662b3c6,ones-stream-full,0,734843,0,2
1678116314.4997613,7cf0b035-1d25-4522-a01d-11f7fd910c2c,pubProgress,134da1c9-bc33-11ed-8001-246e9662b3c6,ones-stream-full,0,734843,0,2
1678116314.6790037,a4a172d7-918b-41f8-aab2-a8b8b2679647,pubProgress,134da1c9-bc33-11ed-8001-246e9662b3c6,ones-stream-full,0,734843,0,2
1678116314.8548582,f8ab1cf6-433c-4592-8344-fe7f84bfe9c1,pubProgress,134da1c9-bc33-11ed-8001-246e9662b3c6,ones-stream-full,0,734843,0,2
1678116315.037828,e8a16c06-2863-4956-9d20-51c8513a7c0b,pubProgress,134da1c9-bc33-11ed-8001-246e9662b3c6,ones-stream-full,0,734843,0,2
1678116315.1823556,1f6d68d3-e99b-44d1-b227-d183ce27d5f8,pubProgress,134da1c9-bc33-11ed-8001-246e9662b3c6,ones-stream-full,0,734843,0,1
1678116315.3607194,3aa3fc15-4bf7-4da0-a3e0-7f7fbdaf283d,pubProgress,134da1c9-bc33-11ed-8001-246e9662b3c6,ones-stream-full,0,734843,0,2
1678116315.5375166,bbd69a92-767f-4381-8a41-e6f248d28795,pubProgress,134da1c9-bc33-11ed-8001-246e9662b3c6,ones-stream-full,0,734843,0,2
1678116315.716055,8f9d027c-0bc7-4aaf-9cfa-f497a62e8598,pubProgress,134da1c9-bc33-11ed-8001-246e9662b3c6,ones-stream-full,0,734843,0,2
1678116315.888112,aaa48921-3e77-45cd-97a7-aea00c21060d,pubProgress,134da1c9-bc33-11ed-8001-246e9662b3c6,ones-stream-full,0,734843,0,2
1678116316.0615098,a3e87fe2-ab9a-4355-aa49-a32aa5310265,pubProgress,134da1c9-bc33-11ed-8001-246e9662b3c6,ones-stream-full,0,734843,0,2
1678116316.2467532,54031566-9ed9-4ec5-ab19-62c82cf66650,pubProgress,134da1c9-bc33-11ed-8001-246e9662b3c6,ones-stream-full,0,734843,0,2
1678116316.4152095,7a21abe6-5fa7-4e8f-8234-22a642e86660,pubProgress,134da1c9-bc33-11ed-8001-246e9662b3c6,ones-stream-full,0,734843,0,2
1678116316.5509522,6187466d-c319-49bd-bb4b-8c9ac93c8aee,pubProgress,134da1c9-bc33-11ed-8001-246e9662b3c6,ones-stream-full,0,734843,0,1
1678116316.7273962,e52f20aa-56a0-4f87-b788-1660895bfa95,pubProgress,134da1c9-bc33-11ed-8001-246e9662b3c6,ones-stream-full,0,734843,0,2
1678116316.9054737,6b319a78-53e2-4ebb-a456-f9ab90919116,pubProgress,134da1c9-bc33-11ed-8001-246e9662b3c6,ones-stream-full,0,734843,0,2
1678116317.0777454,cce549b7-ec51-4dd7-9d59-655a3fde9ffb,pubProgress,134da1c9-bc33-11ed-8001-246e9662b3c6,ones-stream-full,0,734843,0,2
1678116317.1786156,ab507221-9b95-4691-9821-37913e745372,pubProgress,134da1c9-bc33-11ed-8001-246e9662b3c6,ones-stream-full,0,734843,0,1
1678116317.3512137,c08d48d1-d7c5-4290-ae78-717184627652,pubProgress,134da1c9-bc33-11ed-8001-246e9662b3c6,ones-stream-full,0,734843,0,2
1678116317.522591,807058e7-34dc-4781-b966-423f6615e194,pubProgress,134da1c9-bc33-11ed-8001-246e9662b3c6,ones-stream-full,0,734843,0,2
1678116317.696794,db1b5fc2-c859-4287-b68b-a3b4c7a3c225,pubProgress,134da1c9-bc33-11ed-8001-246e9662b3c6,ones-stream-full,0,734843,0,2
1678116317.8705914,4866951b-c0b6-41e1-996d-c01063293252,pubProgress,134da1c9-bc33-11ed-8001-246e9662b3c6,ones-stream-full,0,734843,0,2
1678116318.0502493,f017c3d5-5693-4354-9e18-488470823e85,pubProgress,134da1c9-bc33-11ed-8001-246e9662b3c6,ones-stream-full,0,734843,0,2
1678116318.2305696,d6a3d0f0-ad3c-4569-9733-7f098daface1,pubProgress,134da1c9-bc33-11ed-8001-246e9662b3c6,ones-stream-full,0,734843,0,2
1678116318.406202,a987b36f-6ca6-4d2c-a335-840f3cfd7f01,pubProgress,134da1c9-bc33-11ed-8001-246e9662b3c6,ones-stream-full,0,734843,0,2
1678116318.5833309,226bb6c7-547c-4fea-96ed-98fe24c092b8,pubProgress,134da1c9-bc33-11ed-8001-246e9662b3c6,ones-stream-full,0,734843,0,2
1678116318.7550397,e7185a62-0e8e-4b8c-9d22-d44e71d2b8fb,pubProgress,134da1c9-bc33-11ed-8001-246e9662b3c6,ones-stream-full,0,734843,0,2
1678116318.9309485,d69906d3-8e2b-4522-b2d6-0432bfe9ae03,pubProgress,134da1c9-bc33-11ed-8001-246e9662b3c6,ones-stream-full,0,734843,0,2
1678116319.1085942,416ec537-bbe9-4fd1-877e-7eb3fb885b2a,pubProgress,134da1c9-bc33-11ed-8001-246e9662b3c6,ones-stream-full,0,734843,0,2
1678116319.2872872,a5fddd18-e4c9-4f92-bfe8-31cca4c3a11b,pubProgress,134da1c9-bc33-11ed-8001-246e9662b3c6,ones-stream-full,0,734843,0,2
1678116319.4570382,9f36e2e2-fb9a-494f-8198-d0e3d9998434,pubProgress,134da1c9-bc33-11ed-8001-246e9662b3c6,ones-stream-full,0,734843,0,2
1678116319.573526,e126164f-1690-4603-90e2-fd167c845698,pubProgress,134da1c9-bc33-11ed-8001-246e9662b3c6,ones-stream-full,0,734843,0,1
1678116319.7741432,709ee96f-5dd7-4e76-af5e-f2470e9172f0,pubProgress,134da1c9-bc33-11ed-8001-246e9662b3c6,ones-stream-full,0,734843,0,1
1678116319.8772244,cb2527c8-b1d5-45a7-84dc-a65bdd70592d,pubProgress,134da1c9-bc33-11ed-8001-246e9662b3c6,ones-stream-full,0,734843,0,1
1678116319.979443,5834f8e8-7336-4103-9128-ccd4af7546a7,pubProgress,134da1c9-bc33-11ed-8001-246e9662b3c6,ones-stream-full,0,734843,0,1
1678116320.162068,3ca5bbc4-29dc-470b-9d83-fac14b367af7,pubProgress,134da1c9-bc33-11ed-8001-246e9662b3c6,ones-stream-full,0,734843,0,2
1678116320.3413515,2f111969-6a61-4429-88b6-cec91d600c2d,pubProgress,134da1c9-bc33-11ed-8001-246e9662b3c6,ones-stream-full,0,734843,0,2
1678116320.5200436,8042df1c-ede5-4229-a372-aee7204ec694,pubProgress,134da1c9-bc33-11ed-8001-246e9662b3c6,ones-stream-full,0,734843,0,2
1678116320.7000885,15de3073-fa11-4847-be0a-dc544258cad6,pubProgress,134da1c9-bc33-11ed-8001-246e9662b3c6,ones-stream-full,0,734843,0,2
1678116320.9070134,09ce8d69-7499-450e-90f9-f791f18b59b0,pubProgress,134da1c9-bc33-11ed-8001-246e9662b3c6,ones-stream-full,0,734843,0,2
1678116321.1270342,fe74c4f0-4889-4730-94d8-c023cd587808,pubProgress,134da1c9-bc33-11ed-8001-246e9662b3c6,ones-stream-full,0,734843,0,1
1678116321.450093,9bae9c9c-d397-4dd3-8c65-e21a5f6cfb76,pubProgress,134da1c9-bc33-11ed-8001-246e9662b3c6,ones-stream-full,0,734843,0,1
1678116321.5594583,18932c79-6d09-45f5-8ed3-93c1ae4bbd21,pubProgress,134da1c9-bc33-11ed-8001-246e9662b3c6,ones-stream-full,0,734843,0,1
1678116321.6626437,80d6abfd-398b-490c-89d4-06a05445e439,pubProgress,134da1c9-bc33-11ed-8001-246e9662b3c6,ones-stream-full,0,734843,0,1
1678116321.8612933,632a1e39-9e77-4392-8d81-99dbfadaaf43,pubProgress,134da1c9-bc33-11ed-8001-246e9662b3c6,ones-stream-full,0,734843,0,2
1678116322.069884,9a0e9f55-4f76-4c32-945c-c4eb56d543b2,pubProgress,134da1c9-bc33-11ed-8001-246e9662b3c6,ones-stream-full,0,734843,0,2
1678116322.40852,1387244e-b880-4198-ae6e-efb03a2555a6,pubProgress,134da1c9-bc33-11ed-8001-246e9662b3c6,ones-stream-full,0,734843,0,2
1678116322.5932674,f1ae8504-d3c2-4177-98bd-2370120b61d0,pubProgress,134da1c9-bc33-11ed-8001-246e9662b3c6,ones-stream-full,0,734843,0,2
1678116322.7738466,a884d09b-d445-4af9-b593-cecaec2d924d,pubProgress,134da1c9-bc33-11ed-8001-246e9662b3c6,ones-stream-full,0,734843,0,2
1678116322.959574,61e9539e-fae8-44bf-933d-185c11265936,pubProgress,134da1c9-bc33-11ed-8001-246e9662b3c6,ones-stream-full,0,734843,0,2
1678116323.0608723,83a15a61-10bf-40a4-a014-4ca9219d5e35,pubProgress,134da1c9-bc33-11ed-8001-246e9662b3c6,ones-stream-full,0,734843,0,1
1678116323.2552474,096eed50-5f78-4331-8127-dbc9c64eec5c,pubProgress,134da1c9-bc33-11ed-8001-246e9662b3c6,ones-stream-full,0,734843,0,2
1678116323.443506,470cf292-e9e9-4a7a-9f8d-f9ae3cafb4b0,pubProgress,134da1c9-bc33-11ed-8001-246e9662b3c6,ones-stream-full,0,734843,0,2
1678116323.626551,7167923b-36fa-42aa-84f2-4db181b41ab3,pubProgress,134da1c9-bc33-11ed-8001-246e9662b3c6,ones-stream-full,0,734843,0,2
1678116323.8081903,5c0eaa2d-f8af-450d-851d-5b3c4fb7482a,pubProgress,134da1c9-bc33-11ed-8001-246e9662b3c6,ones-stream-full,0,734843,0,2
1678116324.1273377,2d61d7ac-418f-4828-8640-8ba8570fd2c3,pubProgress,134da1c9-bc33-11ed-8001-246e9662b3c6,ones-stream-full,0,734843,0,2
1678116324.3032966,1858c874-9ee1-4385-a8cc-88e9a6a54545,pubProgress,134da1c9-bc33-11ed-8001-246e9662b3c6,ones-stream-full,0,734843,0,2
1678116324.4828424,06fd67ec-ee3a-45cb-a06d-41a337151f0f,pubProgress,134da1c9-bc33-11ed-8001-246e9662b3c6,ones-stream-full,0,734843,0,2
1678116324.6619132,f60f4556-9277-420f-b42a-45c459808a03,pubProgress,134da1c9-bc33-11ed-8001-246e9662b3c6,ones-stream-full,0,734843,0,2
1678116324.8430705,9d694b77-de50-4e8c-bca0-982b8ab1169f,pubProgress,134da1c9-bc33-11ed-8001-246e9662b3c6,ones-stream-full,0,734843,0,2
1678116325.0154898,c2e2d8cb-6fda-4867-84b3-0c0ea69b3aef,pubProgress,134da1c9-bc33-11ed-8001-246e9662b3c6,ones-stream-full,0,734843,0,2
1678116325.1968496,d7ff6cb1-c936-4c23-9df7-004024d5897f,pubProgress,134da1c9-bc33-11ed-8001-246e9662b3c6,ones-stream-full,0,734843,0,2
1678116325.3872073,1df9dbd4-59b9-4d10-8b30-f4e838f28e68,pubProgress,134da1c9-bc33-11ed-8001-246e9662b3c6,ones-stream-full,0,734843,0,2
1678116325.555035,d8ddb60b-c878-44ea-8d7b-95454f21ae1d,pubProgress,134da1c9-bc33-11ed-8001-246e9662b3c6,ones-stream-full,0,734843,0,2
1678116325.7296195,438424a3-ca62-45f6-bbc1-d4b0e99e6f5e,pubProgress,134da1c9-bc33-11ed-8001-246e9662b3c6,ones-stream-full,0,734843,0,2
1678116326.0275674,d1a24409-7969-4037-bf7f-ba2f46f9f477,pubProgress,134da1c9-bc33-11ed-8001-246e9662b3c6,ones-stream-full,0,734843,0,2
1678116326.1968179,358e3fa4-2537-454c-b7de-6aa2450c006b,pubProgress,134da1c9-bc33-11ed-8001-246e9662b3c6,ones-stream-full,0,734843,0,2
1678116326.3685837,1f1401b7-f081-46e8-af76-8eaaea34a09c,pubProgress,134da1c9-bc33-11ed-8001-246e9662b3c6,ones-stream-full,0,734843,0,2
1678116326.5401745,e8b65571-00db-43a7-9bb2-50e79a6326d8,pubProgress,134da1c9-bc33-11ed-8001-246e9662b3c6,ones-stream-full,0,734843,0,2
1678116326.7151482,ac4d51e5-31bd-4f89-95b1-2449adccbc59,pubProgress,134da1c9-bc33-11ed-8001-246e9662b3c6,ones-stream-full,0,734843,0,2
1678116326.8948739,a8810968-e34c-41b4-8e32-e0ad2e152396,pubProgress,134da1c9-bc33-11ed-8001-246e9662b3c6,ones-stream-full,0,734843,0,2
1678116327.0647402,9d8bc4c5-b069-4d9e-9e32-2844f2d7a5ba,pubProgress,134da1c9-bc33-11ed-8001-246e9662b3c6,ones-stream-full,0,734843,0,2
1678116327.2374008,98e90ba3-a6aa-428d-8732-6b491a908f4f,pubProgress,134da1c9-bc33-11ed-8001-246e9662b3c6,ones-stream-full,0,734843,0,2
1678116327.3463297,db15a28e-2d25-4a4b-b321-1a2b651cf3b1,pubProgress,134da1c9-bc33-11ed-8001-246e9662b3c6,ones-stream-full,0,734843,0,1
1678116327.5225418,d65de29b-b6e1-4f83-91ea-3e40d002d17b,pubProgress,134da1c9-bc33-11ed-8001-246e9662b3c6,ones-stream-full,0,734843,0,2
1678116327.699253,88c93f46-82b2-4ad7-af2e-bcd8c5974215,pubProgress,134da1c9-bc33-11ed-8001-246e9662b3c6,ones-stream-full,0,734843,0,2
1678116327.8757684,14d2cd11-65d3-41f5-ac28-8ab9703a0bf4,pubProgress,134da1c9-bc33-11ed-8001-246e9662b3c6,ones-stream-full,0,734843,0,2
1678116328.0478964,bf9a9e63-4cbb-40f7-9bf3-d584b12e52e0,pubProgress,134da1c9-bc33-11ed-8001-246e9662b3c6,ones-stream-full,0,734843,0,2
1678116328.2217584,e3cbb0b6-3505-404c-a825-25867281c32b,pubProgress,134da1c9-bc33-11ed-8001-246e9662b3c6,ones-stream-full,0,734843,0,2
1678116328.32266,09f929be-e569-47d1-bebd-60996aab87d7,pubProgress,134da1c9-bc33-11ed-8001-246e9662b3c6,ones-stream-full,0,734843,0,1
1678116328.486666,df812e7f-1812-4651-af29-a7354f9201f7,pubProgress,134da1c9-bc33-11ed-8001-246e9662b3c6,ones-stream-full,0,734843,0,2
1678116328.6685665,9242fbc6-307c-46be-93c9-8a6346773747,pubProgress,134da1c9-bc33-11ed-8001-246e9662b3c6,ones-stream-full,0,734843,0,2
1678116328.838802,170a9af1-56db-4622-affc-55e3d524a87a,pubProgress,134da1c9-bc33-11ed-8001-246e9662b3c6,ones-stream-full,0,734843,0,2
1678116329.0194356,1f8e6090-89c0-4f6f-bea0-9aef4e3f3394,pubProgress,134da1c9-bc33-11ed-8001-246e9662b3c6,ones-stream-full,0,734843,0,2
1678116329.2143273,acf12be5-b068-45e4-8ca6-1dca3057ecb1,pubProgress,134da1c9-bc33-11ed-8001-246e9662b3c6,ones-stream-full,0,734843,0,2
1678116329.3826268,027451f1-b424-4450-9e72-56b4713be330,pubProgress,134da1c9-bc33-11ed-8001-246e9662b3c6,ones-stream-full,0,734843,0,2
1678116329.5568228,cbd63801-8414-41df-bb98-02424f0b4e91,pubProgress,134da1c9-bc33-11ed-8001-246e9662b3c6,ones-stream-full,0,734843,0,2
1678116329.736204,4daeafdb-8a54-4426-b4eb-33ae4e82fd71,pubProgress,134da1c9-bc33-11ed-8001-246e9662b3c6,ones-stream-full,0,734843,0,2
1678116329.909854,2dc95425-a96b-43dc-bace-7a6153c93e8d,pubProgress,134da1c9-bc33-11ed-8001-246e9662b3c6,ones-stream-full,0,734843,0,2
1678116330.1160865,686542b8-d170-4b65-b170-93704b14bdf1,pubProgress,134da1c9-bc33-11ed-8001-246e9662b3c6,ones-stream-full,0,734843,0,1
1678116330.2973754,6008a9ee-a70c-4903-af5c-ea93ec0c2fc0,pubProgress,134da1c9-bc33-11ed-8001-246e9662b3c6,ones-stream-full,0,734843,0,2
1678116330.4755716,a5028ae9-c546-43f9-8d17-aeec96b95a81,pubProgress,134da1c9-bc33-11ed-8001-246e9662b3c6,ones-stream-full,0,734843,0,2
1678116330.6498916,0f808346-f48f-423c-8062-6171215c703d,pubProgress,134da1c9-bc33-11ed-8001-246e9662b3c6,ones-stream-full,0,734843,0,2
1678116330.831135,47866ad3-097b-46ea-9904-6ff312c0634c,pubProgress,134da1c9-bc33-11ed-8001-246e9662b3c6,ones-stream-full,0,734843,0,2
1678116331.0008802,7e3fbad9-77e1-44ed-836b-3a0661fd7784,pubProgress,134da1c9-bc33-11ed-8001-246e9662b3c6,ones-stream-full,0,734843,0,2
1678116331.1815321,38aa747a-a473-4eaf-b4a1-33cad8e8d9c5,pubProgress,134da1c9-bc33-11ed-8001-246e9662b3c6,ones-stream-full,0,734843,0,2
1678116331.3545055,17931ae0-e2b6-4ecf-b6e3-8a4015236e9b,pubProgress,134da1c9-bc33-11ed-8001-246e9662b3c6,ones-stream-full,0,734843,0,2
1678116331.52583,1507c38d-918b-4bd4-bb5a-cd6b18d97fcc,pubProgress,134da1c9-bc33-11ed-8001-246e9662b3c6,ones-stream-full,0,734843,0,2
1678116331.7030287,9b0ed589-dee9-4550-b06e-d3c8939d72a1,pubProgress,134da1c9-bc33-11ed-8001-246e9662b3c6,ones-stream-full,0,734843,0,2
1678116331.873257,ef6033e1-212e-4258-bd63-c445abe0cfff,pubProgress,134da1c9-bc33-11ed-8001-246e9662b3c6,ones-stream-full,0,734843,0,2
1678116332.0418615,1400a150-f8de-4f09-bc5e-1239e5d389e4,pubProgress,134da1c9-bc33-11ed-8001-246e9662b3c6,ones-stream-full,0,734843,0,2
1678116332.2189076,ac9ae5e4-e13e-406a-b965-27737e173e82,pubProgress,134da1c9-bc33-11ed-8001-246e9662b3c6,ones-stream-full,0,734843,0,2
1678116332.3894002,e839f02f-8825-4f64-b834-b222ce646a2c,pubProgress,134da1c9-bc33-11ed-8001-246e9662b3c6,ones-stream-full,0,734843,0,2
1678116332.559345,99886411-3d44-4ce4-9151-d1b429c851f7,pubProgress,134da1c9-bc33-11ed-8001-246e9662b3c6,ones-stream-full,0,734843,0,2
1678116332.7300231,b68afb7b-22e1-47e5-bb65-a443eca87d15,pubProgress,134da1c9-bc33-11ed-8001-246e9662b3c6,ones-stream-full,0,734843,0,2
1678116332.9013968,8a745cb7-ce04-48ec-9f1c-bffab8e6b2da,pubProgress,134da1c9-bc33-11ed-8001-246e9662b3c6,ones-stream-full,0,734843,0,2
1678116333.0738409,a916a84b-4eb8-4f2b-9026-bb329eced6f9,pubProgress,134da1c9-bc33-11ed-8001-246e9662b3c6,ones-stream-full,0,734843,0,2
1678116333.245738,940a7eb8-174e-4b31-993f-9338b7c3b536,pubProgress,134da1c9-bc33-11ed-8001-246e9662b3c6,ones-stream-full,0,734843,0,2
1678116333.4256232,27385ce2-69fd-459e-a2c6-0c00c1a5fe52,pubProgress,134da1c9-bc33-11ed-8001-246e9662b3c6,ones-stream-full,0,734843,0,2
1678116333.594138,ee3bb951-3cec-4928-82bb-e47561490b84,pubProgress,134da1c9-bc33-11ed-8001-246e9662b3c6,ones-stream-full,0,734843,0,2
1678116333.7055779,78d5a074-5293-4d54-9f2c-fa43ccb2af54,pubProgress,134da1c9-bc33-11ed-8001-246e9662b3c6,ones-stream-full,0,734843,0,1
1678116333.885046,de9b52ce-7f0c-446d-891c-53a1fdb27b5e,pubProgress,134da1c9-bc33-11ed-8001-246e9662b3c6,ones-stream-full,0,734843,0,1
1678116334.0575166,13b66060-29ac-49a4-8421-4371d40be70b,pubProgress,134da1c9-bc33-11ed-8001-246e9662b3c6,ones-stream-full,0,734843,0,2
1678116334.2721205,42d9ec81-2d87-4459-b185-2954f8593237,pubProgress,134da1c9-bc33-11ed-8001-246e9662b3c6,ones-stream-full,0,734843,0,1
1678116334.4454558,0ba1816b-8c99-4e58-82b9-5d312fd76a26,pubProgress,134da1c9-bc33-11ed-8001-246e9662b3c6,ones-stream-full,0,734843,0,2
1678116334.618845,4ca10d17-6ec7-4a5b-9112-6bb12063d879,pubProgress,134da1c9-bc33-11ed-8001-246e9662b3c6,ones-stream-full,0,734843,0,2
1678116334.7934372,261c181f-0817-4d78-87b8-139bf43d24c7,pubProgress,134da1c9-bc33-11ed-8001-246e9662b3c6,ones-stream-full,0,734843,0,2
1678116334.9734292,957f440f-a50a-48dd-93a5-6c70a62cdf83,pubProgress,134da1c9-bc33-11ed-8001-246e9662b3c6,ones-stream-full,0,734843,0,2
1678116335.1410086,21a265ff-2c1e-4cb6-9605-587bf9e15443,pubProgress,134da1c9-bc33-11ed-8001-246e9662b3c6,ones-stream-full,0,734843,0,2
1678116335.31824,7bc934f4-8370-4d9a-aa53-aba79df72e9d,pubProgress,134da1c9-bc33-11ed-8001-246e9662b3c6,ones-stream-full,0,734843,0,2
1678116335.4916382,45718485-055d-40b4-998e-51d1787c8159,pubProgress,134da1c9-bc33-11ed-8001-246e9662b3c6,ones-stream-full,0,734843,0,2
1678116335.6588638,288776c0-c40d-4ce4-b2d1-a5d582f95c37,pubProgress,134da1c9-bc33-11ed-8001-246e9662b3c6,ones-stream-full,0,734843,0,2
1678116335.8284302,2f99f7f9-3209-43a6-8286-ed45acc6a55d,pubProgress,134da1c9-bc33-11ed-8001-246e9662b3c6,ones-stream-full,0,734843,0,2
1678116336.002883,0c0a5b95-49cb-4dc4-b439-7aa2149d2007,pubProgress,134da1c9-bc33-11ed-8001-246e9662b3c6,ones-stream-full,0,734843,0,2
1678116336.1662188,cc870c69-ffc8-42ab-b01e-cf1e48fb689a,pubProgress,134da1c9-bc33-11ed-8001-246e9662b3c6,ones-stream-full,0,734843,0,2
1678116336.3396645,fa3cc074-17b8-4c40-b9a0-15b74d7df92b,pubProgress,134da1c9-bc33-11ed-8001-246e9662b3c6,ones-stream-full,0,734843,0,2
1678116336.506639,e14ebea6-d87b-41d7-b745-e04067851bfc,pubProgress,134da1c9-bc33-11ed-8001-246e9662b3c6,ones-stream-full,0,734843,0,2
1678116336.6709645,31b810cd-c7a8-40be-9d2b-388510051733,pubProgress,134da1c9-bc33-11ed-8001-246e9662b3c6,ones-stream-full,0,734843,0,2
1678116336.8364809,8443a415-15e7-4996-93cb-774ae1635183,pubProgress,134da1c9-bc33-11ed-8001-246e9662b3c6,ones-stream-full,0,734843,0,2
1678116337.0057476,77c50d83-7441-4fc2-be9a-1b051bc51718,pubProgress,134da1c9-bc33-11ed-8001-246e9662b3c6,ones-stream-full,0,734843,0,2
1678116337.1746123,cf78cdb9-b444-4509-a29e-fbb646b227f2,pubProgress,134da1c9-bc33-11ed-8001-246e9662b3c6,ones-stream-full,0,734843,0,2
1678116337.3396547,f8df5792-8c3e-46d3-9700-8d7194dc430a,pubProgress,134da1c9-bc33-11ed-8001-246e9662b3c6,ones-stream-full,0,734843,0,2
1678116337.5064104,be4b8aff-3c21-49ec-8db7-6bc50f5cd8d1,pubProgress,134da1c9-bc33-11ed-8001-246e9662b3c6,ones-stream-full,0,734843,0,2
1678116337.6983259,9cd5bf0f-ddda-425c-98d0-511405a219d1,pubProgress,134da1c9-bc33-11ed-8001-246e9662b3c6,ones-stream-full,0,734843,0,2
1678116337.8699076,ccdce7fe-86fe-4567-8051-6c2858990234,pubProgress,134da1c9-bc33-11ed-8001-246e9662b3c6,ones-stream-full,0,734843,0,2
1678116338.0381033,75bafdf4-cd8a-4e90-aa9b-700ad224cebf,pubProgress,134da1c9-bc33-11ed-8001-246e9662b3c6,ones-stream-full,0,734843,0,2
1678116338.2064297,8d0d5252-4128-41e0-9f16-26a919aa8716,pubProgress,134da1c9-bc33-11ed-8001-246e9662b3c6,ones-stream-full,0,734843,0,2
1678116338.3714643,a810e9a9-a74d-485f-bb42-da1c1e4a7342,pubProgress,134da1c9-bc33-11ed-8001-246e9662b3c6,ones-stream-full,0,734843,0,2
1678116338.5537968,c70d5415-5b44-4522-9a78-1b25e5d98b31,pubProgress,134da1c9-bc33-11ed-8001-246e9662b3c6,ones-stream-full,0,734843,0,2
1678116338.7549849,3dc4ae17-c114-4329-83d3-49f64ce8ef51,pubProgress,134da1c9-bc33-11ed-8001-246e9662b3c6,ones-stream-full,0,734843,0,2
1678116338.8895366,c9d1796d-ece4-4921-86f5-85e4cc1f315b,pubProgress,134da1c9-bc33-11ed-8001-246e9662b3c6,ones-stream-full,0,734843,0,1
1678116339.085553,7c6eedf8-bdb0-4279-afbb-76a6abc8b778,pubProgress,134da1c9-bc33-11ed-8001-246e9662b3c6,ones-stream-full,0,734843,0,2
1678116339.2748473,d03adcde-7042-4ee7-bb53-873f25e2de71,pubProgress,134da1c9-bc33-11ed-8001-246e9662b3c6,ones-stream-full,0,734843,0,2
1678116339.4318876,a011b7ae-13cf-40b0-927d-dcd128310c48,pubProgress,134da1c9-bc33-11ed-8001-246e9662b3c6,ones-stream-full,0,734843,0,1
1678116339.53292,04dfea37-b767-4587-a559-2992a9098e0b,pubProgress,134da1c9-bc33-11ed-8001-246e9662b3c6,ones-stream-full,0,734843,0,1
1678116339.732175,d15b8107-7db5-46ed-be9f-5abbb47ab0c3,pubProgress,134da1c9-bc33-11ed-8001-246e9662b3c6,ones-stream-full,0,734843,0,2
1678116339.980663,9dae474e-50b0-491b-beca-fc342196e9f2,pubProgress,134da1c9-bc33-11ed-8001-246e9662b3c6,ones-stream-full,0,734843,0,2
1678116340.1725664,c8577787-076f-4b11-95c2-dcb4f93d38a0,pubProgress,134da1c9-bc33-11ed-8001-246e9662b3c6,ones-stream-full,0,734843,0,2
1678116340.3559723,a4a07c16-55ce-4005-a3ad-9085aed6cb53,pubProgress,134da1c9-bc33-11ed-8001-246e9662b3c6,ones-stream-full,0,734843,0,2
1678116340.545841,78ad2343-8202-421e-aacd-3dd642dcd48c,pubProgress,134da1c9-bc33-11ed-8001-246e9662b3c6,ones-stream-full,0,734843,0,2
1678116340.7431254,9bb5999f-4f34-4708-80a1-981b4176896d,pubProgress,134da1c9-bc33-11ed-8001-246e9662b3c6,ones-stream-full,0,734843,0,2
1678116340.8441694,fb684d58-189c-4784-89ad-b0af63e28a8f,pubProgress,134da1c9-bc33-11ed-8001-246e9662b3c6,ones-stream-full,0,734843,0,1
1678116340.9464808,70ee65d6-3539-4cd7-b063-c29fc8504fe6,pubProgress,134da1c9-bc33-11ed-8001-246e9662b3c6,ones-stream-full,0,734843,0,1
1678116341.1309083,dbae2785-0ab1-4655-98e4-14f4d4a253f4,pubProgress,134da1c9-bc33-11ed-8001-246e9662b3c6,ones-stream-full,0,734843,0,2
1678116341.3320885,0adcf685-8808-41ac-8e1a-e18fa45ec919,pubProgress,134da1c9-bc33-11ed-8001-246e9662b3c6,ones-stream-full,0,734843,0,2
1678116341.5236378,f2b8e760-2ca0-4446-895f-1da0d1ea858a,pubProgress,134da1c9-bc33-11ed-8001-246e9662b3c6,ones-stream-full,0,734843,0,2
1678116341.6278303,589fb04f-75cb-4f26-bb9e-ee5dc5af074e,pubProgress,134da1c9-bc33-11ed-8001-246e9662b3c6,ones-stream-full,0,734843,0,1
1678116341.7293408,56c58bc6-d574-45a9-87a6-20d345a21b74,pubProgress,134da1c9-bc33-11ed-8001-246e9662b3c6,ones-stream-full,0,734843,0,1
1678116341.833546,4f7ba850-a5ab-4810-b870-e9457872e6bd,pubProgress,134da1c9-bc33-11ed-8001-246e9662b3c6,ones-stream-full,0,734843,0,1
1678116341.9444923,72278cd8-9ee4-4306-819e-e1a2f8915695,pubProgress,134da1c9-bc33-11ed-8001-246e9662b3c6,ones-stream-full,0,734843,0,1
1678116342.1394463,e406f163-a277-41bb-9a3a-a62fe7b4a62c,pubProgress,134da1c9-bc33-11ed-8001-246e9662b3c6,ones-stream-full,0,734843,0,2
1678116342.3412378,fb7fd41d-5b60-43b0-9083-0a56398d69eb,pubProgress,134da1c9-bc33-11ed-8001-246e9662b3c6,ones-stream-full,0,734843,0,2
1678116342.4568245,969c0795-b510-4cad-9543-b85a8b595021,pubProgress,134da1c9-bc33-11ed-8001-246e9662b3c6,ones-stream-full,0,734843,0,1
1678116342.6469502,9b38a8a9-b2ce-45fc-8d1c-33dcd636826b,pubProgress,134da1c9-bc33-11ed-8001-246e9662b3c6,ones-stream-full,0,734843,0,2
1678116342.8325496,b159829d-344c-4388-a29a-c241d6cb97d2,pubProgress,134da1c9-bc33-11ed-8001-246e9662b3c6,ones-stream-full,0,734843,0,2
1678116343.0185273,4e180f3c-0f0a-4bae-9499-b14f43dcb59b,pubProgress,134da1c9-bc33-11ed-8001-246e9662b3c6,ones-stream-full,0,734843,0,2
1678116343.210525,ac928703-4423-467b-a803-ae0198303c75,pubProgress,134da1c9-bc33-11ed-8001-246e9662b3c6,ones-stream-full,0,734843,0,2
1678116343.3938723,0cc1b0d2-203f-44d8-88f2-028490130bfe,pubProgress,134da1c9-bc33-11ed-8001-246e9662b3c6,ones-stream-full,0,734843,0,2
1678116343.5830998,69f4e231-a907-4e18-a2bf-d237b4126965,pubProgress,134da1c9-bc33-11ed-8001-246e9662b3c6,ones-stream-full,0,734843,0,2
1678116343.7778943,1851c43a-6cad-420e-9afa-aa43308e69a2,pubProgress,134da1c9-bc33-11ed-8001-246e9662b3c6,ones-stream-full,0,734843,0,2
1678116343.9652421,2eb4a7dc-341f-4866-8553-a3a09ebb3fc7,pubProgress,134da1c9-bc33-11ed-8001-246e9662b3c6,ones-stream-full,0,734843,0,2
1678116344.162321,3b1dac78-9523-4315-b44d-c213e7a6f091,pubProgress,134da1c9-bc33-11ed-8001-246e9662b3c6,ones-stream-full,0,734843,0,2
1678116344.351644,2fb50571-bce6-4531-aef2-d3135e3cec24,pubProgress,134da1c9-bc33-11ed-8001-246e9662b3c6,ones-stream-full,0,734843,0,2
1678116344.5551734,ff5d1382-4b4b-43b2-8f3e-8a537a848497,pubProgress,134da1c9-bc33-11ed-8001-246e9662b3c6,ones-stream-full,0,734843,0,2
1678116344.7794142,b25b54cf-382b-4231-bc8f-81fb582ed31a,pubProgress,134da1c9-bc33-11ed-8001-246e9662b3c6,ones-stream-full,0,734843,0,1
1678116344.885047,b87eed9f-6791-45e3-a927-38d0d7a17265,pubProgress,134da1c9-bc33-11ed-8001-246e9662b3c6,ones-stream-full,0,734843,0,1
1678116344.9902604,97a01ddd-87eb-4f22-852a-2d063bbee9c7,pubProgress,134da1c9-bc33-11ed-8001-246e9662b3c6,ones-stream-full,0,734843,0,1
1678116345.0934522,b8e471e4-989a-42a5-a3cf-a9061b014428,pubProgress,134da1c9-bc33-11ed-8001-246e9662b3c6,ones-stream-full,0,734843,0,1
1678116345.1942527,d8386ce5-27f5-4f96-bf82-aec2644f7a15,pubProgress,134da1c9-bc33-11ed-8001-246e9662b3c6,ones-stream-full,0,734843,0,1
1678116345.3885176,f581c37d-eafa-4679-8fe0-2bd99f1f55f4,pubProgress,134da1c9-bc33-11ed-8001-246e9662b3c6,ones-stream-full,0,734843,0,2
1678116345.5837135,779f4627-509d-4727-9764-fb67fbb7d4b6,pubProgress,134da1c9-bc33-11ed-8001-246e9662b3c6,ones-stream-full,0,734843,0,2
1678116345.7785504,0d71b7b4-a83a-42b3-8b1a-025fbd84df36,pubProgress,134da1c9-bc33-11ed-8001-246e9662b3c6,ones-stream-full,0,734843,0,2
1678116345.9728928,4708b1be-dcd4-4ded-a7df-7ddfc5dbd601,pubProgress,134da1c9-bc33-11ed-8001-246e9662b3c6,ones-stream-full,0,734843,0,2
1678116346.0746903,df6795ae-d8fb-4506-b73b-039e5654ebeb,pubProgress,134da1c9-bc33-11ed-8001-246e9662b3c6,ones-stream-full,0,734843,0,1
1678116346.2636542,ed2cbb26-5d57-4dd7-ae59-e47116dac38a,pubProgress,134da1c9-bc33-11ed-8001-246e9662b3c6,ones-stream-full,0,734843,0,2
1678116346.4523065,2dfba971-5f55-43b8-9137-6e8e05d683d3,pubProgress,134da1c9-bc33-11ed-8001-246e9662b3c6,ones-stream-full,0,734843,0,2
1678116346.6433458,80126f59-b2c7-4841-8b54-384cb31fbd6c,pubProgress,134da1c9-bc33-11ed-8001-246e9662b3c6,ones-stream-full,0,734843,0,2
1678116346.8321404,2cd8b4d9-0246-4287-b7b9-fad55b45cfff,pubProgress,134da1c9-bc33-11ed-8001-246e9662b3c6,ones-stream-full,0,734843,0,2
1678116347.0196142,6bb8a964-2f08-49cb-b015-03bf49b96481,pubProgress,134da1c9-bc33-11ed-8001-246e9662b3c6,ones-stream-full,0,734843,0,2
1678116347.2089784,980344f3-3c66-4e3b-932a-4486827449e1,pubProgress,134da1c9-bc33-11ed-8001-246e9662b3c6,ones-stream-full,0,734843,0,2
1678116347.3951094,62f8e6f2-621b-486a-8e3d-a84ce3740cc6,pubProgress,134da1c9-bc33-11ed-8001-246e9662b3c6,ones-stream-full,0,734843,0,2
1678116347.4952092,a766caff-f9c0-42aa-ab0f-e701bd49db8f,pubProgress,134da1c9-bc33-11ed-8001-246e9662b3c6,ones-stream-full,0,734843,0,1
1678116347.690674,ada27b01-375f-46db-9e8e-6e0382f59216,pubProgress,134da1c9-bc33-11ed-8001-246e9662b3c6,ones-stream-full,0,734843,0,2
1678116347.8823905,c059f44d-467c-49e1-9451-1fa5d2b22034,pubProgress,134da1c9-bc33-11ed-8001-246e9662b3c6,ones-stream-full,0,734843,0,2
1678116348.0729527,301d1f72-f23d-43a2-9b53-08dabde4b5e5,pubProgress,134da1c9-bc33-11ed-8001-246e9662b3c6,ones-stream-full,0,734843,0,2
1678116348.2654397,f6d02124-c5b0-4748-885a-faba3dd82de6,pubProgress,134da1c9-bc33-11ed-8001-246e9662b3c6,ones-stream-full,0,734843,0,2
1678116348.458635,e2e482f0-3f24-4ab9-95d5-09ebf0edbe74,pubProgress,134da1c9-bc33-11ed-8001-246e9662b3c6,ones-stream-full,0,734843,0,2
1678116348.645494,547cce0b-818e-4262-932a-edd80d5eb6bc,pubProgress,134da1c9-bc33-11ed-8001-246e9662b3c6,ones-stream-full,0,734843,0,2
1678116348.834822,139111ae-d83c-43cc-a506-b724dec1eba7,pubProgress,134da1c9-bc33-11ed-8001-246e9662b3c6,ones-stream-full,0,734843,0,2
1678116349.0261908,a159ed73-4995-4807-9623-ea63f0d38543,pubProgress,134da1c9-bc33-11ed-8001-246e9662b3c6,ones-stream-full,0,734843,0,2
1678116349.1303315,7f920b30-1f67-4a99-83c7-7fc22a1dd484,pubProgress,134da1c9-bc33-11ed-8001-246e9662b3c6,ones-stream-full,0,734843,0,1
1678116349.329966,37aa2127-0a43-4f25-9a88-98e79a676145,pubProgress,134da1c9-bc33-11ed-8001-246e9662b3c6,ones-stream-full,0,734843,0,2
1678116349.5187263,a13da5b7-d5df-47a0-8366-8e4623ffacc8,pubProgress,134da1c9-bc33-11ed-8001-246e9662b3c6,ones-stream-full,0,734843,0,2
1678116349.7143936,845b566c-f9a4-4a9f-894d-23cdfe1c08e2,pubProgress,134da1c9-bc33-11ed-8001-246e9662b3c6,ones-stream-full,0,734843,0,2
1678116349.8982549,2754216c-7630-427f-a43c-1fd249ebe831,pubProgress,134da1c9-bc33-11ed-8001-246e9662b3c6,ones-stream-full,0,734843,0,2
1678116350.0861766,0d413689-9fb9-4c47-9693-d1464f1279a5,pubProgress,134da1c9-bc33-11ed-8001-246e9662b3c6,ones-stream-full,0,734843,0,2
